timestamp,cloud_cover,temp,temp_feels_like,temp_min,temp_max,pressure,humidity,visibility,wind_speed,wind_dir,sunrise,sunset,pop,ghi,dhi
1601157600,99,279.7,273.58,,,946,75,10000,6.46,244,,,0.2,,
1601158500,99,279.7,273.58,,,946,75,10000,6.46,244,,,0.2,,
1601159400,99,279.7,273.58,,,946,75,10000,6.46,244,,,0.2,,
1601160300,99,279.7,273.58,,,946,75,10000,6.46,244,,,0.2,,
1601161200,99,279.4,273.57,,,974,78,10000,6.11,244,,,0.15,,
1601162100,99,279.4,273.57,,,974,78,10000,6.11,244,,,0.15,,
1601163000,99,279.4,273.57,,,974,78,10000,6.11,244,,,0.15,,
1601163900,99,279.4,273.57,,,974,78,10000,6.11,244,,,0.15,,
1601164800,99,279.28,273.5,,,991,78,10000,6.01,247,,,0.35,,
1601165700,99,279.28,273.5,,,991,78,10000,6.01,247,,,0.35,,
1601166600,99,279.28,273.5,,,991,78,10000,6.01,247,,,0.35,,
1601167500,99,279.28,273.5,,,991,78,10000,6.01,247,,,0.35,,
1601168400,99,278.46,273.3,,,1001,80,10000,5.01,243,,,0.0,,
1601169300,99,278.46,273.3,,,1001,80,10000,5.01,243,,,0.0,,
1601170200,99,278.46,273.3,,,1001,80,10000,5.01,243,,,0.0,,
1601171100,99,278.46,273.3,,,1001,80,10000,5.01,243,,,0.0,,
1601172000,91,277.78,272.75,,,1005,80,10000,4.68,236,,,0.0,,
1601172900,91,277.78,272.75,,,1005,80,10000,4.68,236,,,0.0,,
1601173800,91,277.78,272.75,,,1005,80,10000,4.68,236,,,0.0,,
1601174700,91,277.78,272.75,,,1005,80,10000,4.68,236,,,0.0,,
1601175600,93,277.36,272.58,,,1005,79,10000,4.19,233,,,0.0,,
1601176500,93,277.36,272.58,,,1005,79,10000,4.19,233,,,0.0,,
1601177400,93,277.36,272.58,,,1005,79,10000,4.19,233,,,0.0,,
1601178300,93,277.36,272.58,,,1005,79,10000,4.19,233,,,0.0,,
1601179200,93,277.17,272.67,,,1005,78,10000,3.7,233,,,0.0,,
1601180100,93,277.17,272.67,,,1005,78,10000,3.7,233,,,0.0,,
1601181000,93,277.17,272.67,,,1005,78,10000,3.7,233,,,0.0,,
1601181900,93,277.17,272.67,,,1005,78,10000,3.7,233,,,0.0,,
1601182800,88,276.85,272.24,,,1005,77,10000,3.76,227,,,0.0,,
1601183700,88,276.85,272.24,,,1005,77,10000,3.76,227,,,0.0,,
1601184600,88,276.85,272.24,,,1005,77,10000,3.76,227,,,0.0,,
1601185500,88,276.85,272.24,,,1005,77,10000,3.76,227,,,0.0,,
1601186400,78,277.3,272.99,,,1006,75,10000,3.34,227,,,0.0,,
1601187300,78,277.3,272.99,,,1006,75,10000,3.34,227,,,0.0,,
1601188200,78,277.3,272.99,,,1006,75,10000,3.34,227,,,0.0,,
1601189100,78,277.3,272.99,,,1006,75,10000,3.34,227,,,0.0,,
1601190000,2,279.25,275.31,,,1005,67,10000,2.88,222,,,0.0,,
1601190900,2,279.25,275.31,,,1005,67,10000,2.88,222,,,0.0,,
1601191800,2,279.25,275.31,,,1005,67,10000,2.88,222,,,0.0,,
1601192700,2,279.25,275.31,,,1005,67,10000,2.88,222,,,0.0,,
1601193600,1,281.37,277.93,,,1005,59,10000,2.22,204,,,0.0,,
1601194500,1,281.37,277.93,,,1005,59,10000,2.22,204,,,0.0,,
1601195400,1,281.37,277.93,,,1005,59,10000,2.22,204,,,0.0,,
1601196300,1,281.37,277.93,,,1005,59,10000,2.22,204,,,0.0,,
1601197200,0,283.27,280.39,,,1005,53,10000,1.49,191,,,0.0,,
1601198100,0,283.27,280.39,,,1005,53,10000,1.49,191,,,0.0,,
1601199000,0,283.27,280.39,,,1005,53,10000,1.49,191,,,0.0,,
1601199900,0,283.27,280.39,,,1005,53,10000,1.49,191,,,0.0,,
1601200800,0,284.81,282.28,,,1005,50,10000,1.13,167,,,0.0,,
1601201700,0,284.81,282.28,,,1005,50,10000,1.13,167,,,0.0,,
1601202600,0,284.81,282.28,,,1005,50,10000,1.13,167,,,0.0,,
1601203500,0,284.81,282.28,,,1005,50,10000,1.13,167,,,0.0,,
1601204400,0,285.93,283.0,,,1005,46,10000,1.67,117,,,0.0,,
1601205300,0,285.93,283.0,,,1005,46,10000,1.67,117,,,0.0,,
1601206200,0,285.93,283.0,,,1005,46,10000,1.67,117,,,0.0,,
1601207100,0,285.93,283.0,,,1005,46,10000,1.67,117,,,0.0,,
1601208000,0,286.44,282.93,,,1005,46,10000,2.61,91,,,0.0,,
1601208900,0,286.44,282.93,,,1005,46,10000,2.61,91,,,0.0,,
1601209800,0,286.44,282.93,,,1005,46,10000,2.61,91,,,0.0,,
1601210700,0,286.44,282.93,,,1005,46,10000,2.61,91,,,0.0,,
1601211600,0,286.46,282.34,,,1005,48,10000,3.63,84,,,0.0,,
1601212500,0,286.46,282.34,,,1005,48,10000,3.63,84,,,0.0,,
1601213400,0,286.46,282.34,,,1005,48,10000,3.63,84,,,0.0,,
1601214300,0,286.46,282.34,,,1005,48,10000,3.63,84,,,0.0,,
1601215200,0,286.15,281.94,,,1004,53,10000,4.04,78,,,0.0,,
1601216100,0,286.15,281.94,,,1004,53,10000,4.04,78,,,0.0,,
1601217000,0,286.15,281.94,,,1004,53,10000,4.04,78,,,0.0,,
1601217900,0,286.15,281.94,,,1004,53,10000,4.04,78,,,0.0,,
1601218800,0,285.51,281.51,,,1004,59,10000,3.99,68,,,0.0,,
1601219700,0,285.51,281.51,,,1004,59,10000,3.99,68,,,0.0,,
1601220600,0,285.51,281.51,,,1004,59,10000,3.99,68,,,0.0,,
1601221500,0,285.51,281.51,,,1004,59,10000,3.99,68,,,0.0,,
1601222400,0,284.3,280.68,,,1005,66,10000,3.57,56,,,0.0,,
1601223300,0,284.3,280.68,,,1005,66,10000,3.57,56,,,0.0,,
1601224200,0,284.3,280.68,,,1005,66,10000,3.57,56,,,0.0,,
1601225100,0,284.3,280.68,,,1005,66,10000,3.57,56,,,0.0,,
1601226000,0,281.96,278.74,,,1006,74,10000,2.84,69,,,0.0,,
1601226900,0,281.96,278.74,,,1006,74,10000,2.84,69,,,0.0,,
1601227800,0,281.96,278.74,,,1006,74,10000,2.84,69,,,0.0,,
1601228700,0,281.96,278.74,,,1006,74,10000,2.84,69,,,0.0,,
1601229600,0,280.88,277.8,,,1008,78,10000,2.55,63,,,0.0,,
1601230500,0,280.88,277.8,,,1008,78,10000,2.55,63,,,0.0,,
1601231400,0,280.88,277.8,,,1008,78,10000,2.55,63,,,0.0,,
1601232300,0,280.88,277.8,,,1008,78,10000,2.55,63,,,0.0,,
1601233200,2,280.13,277.11,,,1009,81,10000,2.41,57,,,0.0,,
1601234100,2,280.13,277.11,,,1009,81,10000,2.41,57,,,0.0,,
1601235000,2,280.13,277.11,,,1009,81,10000,2.41,57,,,0.0,,
1601235900,2,280.13,277.11,,,1009,81,10000,2.41,57,,,0.0,,
1601236800,1,279.53,276.52,,,1009,83,10000,2.34,69,,,0.0,,
1601237700,1,279.53,276.52,,,1009,83,10000,2.34,69,,,0.0,,
1601238600,1,279.53,276.52,,,1009,83,10000,2.34,69,,,0.0,,
1601239500,1,279.53,276.52,,,1009,83,10000,2.34,69,,,0.0,,
1601240400,1,279.04,276.35,,,1009,85,10000,1.84,58,,,0.0,,
1601241300,1,279.04,276.35,,,1009,85,10000,1.84,58,,,0.0,,
1601242200,1,279.04,276.35,,,1009,85,10000,1.84,58,,,0.0,,
1601243100,1,279.04,276.35,,,1009,85,10000,1.84,58,,,0.0,,
1601244000,8,278.55,276.01,,,1009,86,10000,1.54,56,,,0.0,,
1601244900,8,278.55,276.01,,,1009,86,10000,1.54,56,,,0.0,,
1601245800,8,278.55,276.01,,,1009,86,10000,1.54,56,,,0.0,,
1601246700,8,278.55,276.01,,,1009,86,10000,1.54,56,,,0.0,,
1601247600,7,278.0,275.69,,,1009,88,10000,1.17,64,,,0.0,,
1601248500,7,278.0,275.69,,,1009,88,10000,1.17,64,,,0.0,,
1601249400,7,278.0,275.69,,,1009,88,10000,1.17,64,,,0.0,,
1601250300,7,278.0,275.69,,,1009,88,10000,1.17,64,,,0.0,,
1601251200,23,278.19,276.33,,,1009,87,10000,0.52,91,,,0.0,,
1601252100,23,278.19,276.33,,,1009,87,10000,0.52,91,,,0.0,,
1601253000,23,278.19,276.33,,,1009,87,10000,0.52,91,,,0.0,,
1601253900,23,278.19,276.33,,,1009,87,10000,0.52,91,,,0.0,,
1601254800,100,278.65,277.07,,,1009,86,10000,0.2,232,,,0.03,,
1601255700,100,278.65,277.07,,,1009,86,10000,0.2,232,,,0.03,,
1601256600,100,278.65,277.07,,,1009,86,10000,0.2,232,,,0.03,,
1601257500,100,278.65,277.07,,,1009,86,10000,0.2,232,,,0.03,,
1601258400,100,278.71,276.43,,,1009,86,10000,1.21,291,,,0.02,,
1601259300,100,278.71,276.43,,,1009,86,10000,1.21,291,,,0.02,,
1601260200,100,278.71,276.43,,,1009,86,10000,1.21,291,,,0.02,,
1601261100,100,278.71,276.43,,,1009,86,10000,1.21,291,,,0.02,,
1601262000,100,278.81,276.42,,,1009,85,10000,1.35,290,,,0.02,,
1601262900,100,278.81,276.42,,,1009,85,10000,1.35,290,,,0.02,,
1601263800,100,278.81,276.42,,,1009,85,10000,1.35,290,,,0.02,,
1601264700,100,278.81,276.42,,,1009,85,10000,1.35,290,,,0.02,,
1601265600,100,278.95,276.32,,,1009,85,10000,1.74,283,,,0.05,,
1601266500,100,278.95,276.32,,,1009,85,10000,1.74,283,,,0.05,,
1601267400,100,278.95,276.32,,,1009,85,10000,1.74,283,,,0.05,,
1601268300,100,278.95,276.32,,,1009,85,10000,1.74,283,,,0.05,,
1601269200,100,278.74,275.83,,,1009,85,10000,2.08,275,,,0.14,,
1601270100,100,278.74,275.83,,,1009,85,10000,2.08,275,,,0.14,,
1601271000,100,278.74,275.83,,,1009,85,10000,2.08,275,,,0.14,,
1601271900,100,278.74,275.83,,,1009,85,10000,2.08,275,,,0.14,,
1601272800,100,279.26,276.11,,,1010,84,10000,2.51,278,,,0.25,,
1601273700,100,279.26,276.11,,,1010,84,10000,2.51,278,,,0.25,,
1601274600,100,279.26,276.11,,,1010,84,10000,2.51,278,,,0.25,,
1601275500,100,279.26,276.11,,,1010,84,10000,2.51,278,,,0.25,,
1601276400,100,280.14,276.65,,,1010,81,10000,3.09,281,,,0.52,,
1601277300,100,280.14,276.65,,,1010,81,10000,3.09,281,,,0.52,,
1601278200,100,280.14,276.65,,,1010,81,10000,3.09,281,,,0.52,,
1601279100,100,280.14,276.65,,,1010,81,10000,3.09,281,,,0.52,,
1601280000,100,280.78,277.39,,,1010,81,10000,3.12,277,,,0.56,,
1601280900,100,280.78,277.39,,,1010,81,10000,3.12,277,,,0.56,,
1601281800,100,280.78,277.39,,,1010,81,10000,3.12,277,,,0.56,,
1601282700,100,280.78,277.39,,,1010,81,10000,3.12,277,,,0.56,,
1601283600,100,281.37,278.18,,,1010,81,10000,3.0,280,,,0.62,,
1601284500,100,281.37,278.18,,,1010,81,10000,3.0,280,,,0.62,,
1601285400,100,281.37,278.18,,,1010,81,10000,3.0,280,,,0.62,,
1601286300,100,281.37,278.18,,,1010,81,10000,3.0,280,,,0.62,,
1601287200,100,281.75,279.07,,,1010,83,10000,2.48,282,,,0.62,,
1601288100,100,281.75,279.07,,,1010,83,10000,2.48,282,,,0.62,,
1601289000,100,281.75,279.07,,,1010,83,10000,2.48,282,,,0.62,,
1601289900,100,281.75,279.07,,,1010,83,10000,2.48,282,,,0.62,,
1601290800,100,282.41,280.09,,,1010,80,10000,2.0,269,,,0.66,,
1601291700,100,282.41,280.09,,,1010,80,10000,2.0,269,,,0.66,,
1601292600,100,282.41,280.09,,,1010,80,10000,2.0,269,,,0.66,,
1601293500,100,282.41,280.09,,,1010,80,10000,2.0,269,,,0.66,,
1601294400,100,283.08,280.59,,,1011,78,10000,2.33,245,,,0.7,,
1601295300,100,283.08,280.59,,,1011,78,10000,2.33,245,,,0.7,,
1601296200,100,283.08,280.59,,,1011,78,10000,2.33,245,,,0.7,,
1601297100,100,283.08,280.59,,,1011,78,10000,2.33,245,,,0.7,,
1601298000,100,283.26,280.62,,,1011,79,10000,2.65,237,,,0.87,,
1601298900,100,283.26,280.62,,,1011,79,10000,2.65,237,,,0.87,,
1601299800,100,283.26,280.62,,,1011,79,10000,2.65,237,,,0.87,,
1601300700,100,283.26,280.62,,,1011,79,10000,2.65,237,,,0.87,,
1601301600,100,283.14,280.52,,,1012,80,10000,2.65,231,,,0.87,,
1601302500,100,283.14,280.52,,,1012,80,10000,2.65,231,,,0.87,,
1601303400,100,283.14,280.52,,,1012,80,10000,2.65,231,,,0.87,,
1601304300,100,283.14,280.52,,,1012,80,10000,2.65,231,,,0.87,,
1601305200,100,283.0,280.38,,,1012,82,10000,2.72,218,,,0.9,,
1601306100,100,283.0,280.38,,,1012,82,10000,2.72,218,,,0.9,,
1601307000,100,283.0,280.38,,,1012,82,10000,2.72,218,,,0.9,,
1601307900,100,283.0,280.38,,,1012,82,10000,2.72,218,,,0.9,,
1601308800,100,282.28,279.3,,,1013,85,10000,3.17,206,,,0.84,,
1601309700,100,282.28,279.3,,,1013,85,10000,3.17,206,,,0.84,,
1601310600,100,282.28,279.3,,,1013,85,10000,3.17,206,,,0.84,,
1601311500,100,282.28,279.3,,,1013,85,10000,3.17,206,,,0.84,,
1601312400,100,281.8,278.6,,,1014,85,10000,3.34,204,,,0.86,,
1601313300,100,281.8,278.6,,,1014,85,10000,3.34,204,,,0.86,,
1601314200,100,281.8,278.6,,,1014,85,10000,3.34,204,,,0.86,,
1601315100,100,281.8,278.6,,,1014,85,10000,3.34,204,,,0.86,,
1601316000,100,281.71,278.57,,,1015,85,10000,3.23,211,,,0.84,,
1601316900,100,281.71,278.57,,,1015,85,10000,3.23,211,,,0.84,,
1601317800,100,281.71,278.57,,,1015,85,10000,3.23,211,,,0.84,,
1601318700,100,281.71,278.57,,,1015,85,10000,3.23,211,,,0.84,,
1601319600,100,281.61,278.48,,,1016,85,10000,3.19,220,,,0.41,,
1601320500,100,281.61,278.48,,,1016,85,10000,3.19,220,,,0.41,,
1601321400,100,281.61,278.48,,,1016,85,10000,3.19,220,,,0.41,,
1601322300,100,281.61,278.48,,,1016,85,10000,3.19,220,,,0.41,,
1601323200,100,281.16,277.99,,,1016,85,10000,3.11,227,,,0.33,,
1601324100,100,281.16,277.99,,,1016,85,10000,3.11,227,,,0.33,,
1601325000,100,281.16,277.99,,,1016,85,10000,3.11,227,,,0.33,,
1601325900,100,281.16,277.99,,,1016,85,10000,3.11,227,,,0.33,,
1601326800,100,280.65,277.56,,,1017,84,10000,2.8,233,,,0.24,,
1601327700,100,280.65,277.56,,,1017,84,10000,2.8,233,,,0.24,,
1601328600,100,280.65,277.56,,,1017,84,10000,2.8,233,,,0.24,,
1601329500,100,280.65,277.56,,,1017,84,10000,2.8,233,,,0.24,,
